{"cameraMode":{"drawMode":0,"name":"Shaded","section":"Shading Mode"},"sceneLighting":false,"audioPlay":false,"sceneViewState":{"m_AlwaysRefresh":false,"showFog":true,"showSkybox":false,"showFlares":true,"showImageEffects":true,"showParticleSystems":true,"showVisualEffectGraphs":true,"m_FxEnabled":true},"in2DMode":false,"pivot":{"x":4.089656829833984,"y":2.0525054931640627,"z":-1.0482256412506104},"rotation":{"x":0.16031694412231446,"y":-0.5013355612754822,"z":0.09510944038629532,"w":0.8449530601501465},"size":3.4192795753479006,"orthographic":true}