{"cameraMode":{"drawMode":0,"name":"Shaded","section":"Shading Mode"},"sceneLighting":false,"audioPlay":false,"sceneViewState":{"m_AlwaysRefresh":false,"showFog":true,"showSkybox":false,"showFlares":true,"showImageEffects":true,"showParticleSystems":true,"showVisualEffectGraphs":true,"m_FxEnabled":true},"in2DMode":false,"pivot":{"x":-6.3899993896484379,"y":-6.310000419616699,"z":4.979999542236328},"rotation":{"x":0.24622374773025514,"y":-0.26482394337654116,"z":0.07013561576604843,"w":0.9296993017196655},"size":10.508280754089356,"orthographic":true}