{"cameraMode":{"drawMode":0,"name":"Shaded","section":"Shading Mode"},"sceneLighting":false,"audioPlay":false,"sceneViewState":{"m_AlwaysRefresh":false,"showFog":true,"showSkybox":false,"showFlares":true,"showImageEffects":true,"showParticleSystems":true,"showVisualEffectGraphs":true,"m_FxEnabled":true},"in2DMode":false,"pivot":{"x":-6.3899993896484379,"y":-6.310000419616699,"z":4.979999542236328},"rotation":{"x":0.20175613462924958,"y":-0.26082316040992739,"z":0.055837374180555347,"w":0.9424257278442383},"size":7.071067810058594,"orthographic":true}