{"cameraMode":{"drawMode":0,"name":"Shaded","section":"Shading Mode"},"sceneLighting":false,"audioPlay":false,"sceneViewState":{"m_AlwaysRefresh":false,"showFog":true,"showSkybox":false,"showFlares":true,"showImageEffects":true,"showParticleSystems":true,"showVisualEffectGraphs":true,"m_FxEnabled":true},"in2DMode":false,"pivot":{"x":-0.009674310684204102,"y":0.7065652012825012,"z":-1.9389809370040894},"rotation":{"x":-0.27530819177627566,"y":0.41464316844940188,"z":-0.13319113850593568,"w":-0.857067883014679},"size":1.132508635520935,"orthographic":true}