{"cameraMode":{"drawMode":0,"name":"Shaded","section":"Shading Mode"},"sceneLighting":true,"audioPlay":false,"sceneViewState":{"m_AlwaysRefresh":false,"showFog":true,"showSkybox":true,"showFlares":true,"showImageEffects":true,"showParticleSystems":true,"showVisualEffectGraphs":true,"m_FxEnabled":true},"in2DMode":false,"pivot":{"x":4.089901447296143,"y":2.111621856689453,"z":-1.4586830139160157},"rotation":{"x":0.19646134972572328,"y":-0.12901003658771516,"z":0.026072144508361818,"w":0.9716609120368958},"size":10.623775482177735,"orthographic":true}