{"cameraMode":{"drawMode":0,"name":"Shaded","section":"Shading Mode"},"sceneLighting":true,"audioPlay":false,"sceneViewState":{"m_AlwaysRefresh":false,"showFog":true,"showSkybox":true,"showFlares":true,"showImageEffects":true,"showParticleSystems":true,"showVisualEffectGraphs":true,"m_FxEnabled":true},"in2DMode":false,"pivot":{"x":-6.279680252075195,"y":-5.582056999206543,"z":25.538158416748048},"rotation":{"x":-0.21323637664318086,"y":0.30937591195106509,"z":-0.07139890640974045,"w":-0.9239797592163086},"size":14.009196281433106,"orthographic":true}