{"cameraMode":{"drawMode":0,"name":"Shaded","section":"Shading Mode"},"sceneLighting":true,"audioPlay":false,"sceneViewState":{"m_AlwaysRefresh":false,"showFog":true,"showSkybox":true,"showFlares":true,"showImageEffects":true,"showParticleSystems":true,"showVisualEffectGraphs":true,"m_FxEnabled":true},"in2DMode":false,"pivot":{"x":-3.4443464279174806,"y":-0.6889915466308594,"z":59.545257568359378},"rotation":{"x":0.09591608494520188,"y":-0.3559948801994324,"z":0.03675881028175354,"w":0.928839921951294},"size":29.99349021911621,"orthographic":true}