{"cameraMode":{"drawMode":0,"name":"Shaded","section":"Shading Mode"},"sceneLighting":false,"audioPlay":false,"sceneViewState":{"m_AlwaysRefresh":false,"showFog":true,"showSkybox":false,"showFlares":true,"showImageEffects":true,"showParticleSystems":true,"showVisualEffectGraphs":true,"m_FxEnabled":true},"in2DMode":false,"pivot":{"x":-1.5099999904632569,"y":-2.319999933242798,"z":-0.34999990463256838},"rotation":{"x":0.1930694580078125,"y":-0.3282572329044342,"z":0.06872887164354325,"w":0.9220991134643555},"size":1.2124356031417847,"orthographic":true}