{"cameraMode":{"drawMode":0,"name":"Shaded","section":"Shading Mode"},"sceneLighting":false,"audioPlay":false,"sceneViewState":{"m_AlwaysRefresh":false,"showFog":true,"showSkybox":false,"showFlares":true,"showImageEffects":true,"showParticleSystems":true,"showVisualEffectGraphs":true,"m_FxEnabled":true},"in2DMode":false,"pivot":{"x":-6.210000038146973,"y":-5.920000076293945,"z":24.450000762939454},"rotation":{"x":0.06157192960381508,"y":-0.15802331268787385,"z":0.009871996007859707,"w":0.9854724407196045},"size":0.8660253882408142,"orthographic":true}