{"cameraMode":{"drawMode":0,"name":"Shaded","section":"Shading Mode"},"sceneLighting":false,"audioPlay":false,"sceneViewState":{"m_AlwaysRefresh":false,"showFog":true,"showSkybox":false,"showFlares":true,"showImageEffects":true,"showParticleSystems":true,"showVisualEffectGraphs":true,"m_FxEnabled":true},"in2DMode":false,"pivot":{"x":10.860000610351563,"y":-1.0800001621246338,"z":29.06999969482422},"rotation":{"x":0.15169382095336915,"y":0.038538187742233279,"z":-0.005920098628848791,"w":0.9876585602760315},"size":15.904064178466797,"orthographic":true}