{"cameraMode":{"drawMode":0,"name":"Shaded","section":"Shading Mode"},"sceneLighting":false,"audioPlay":false,"sceneViewState":{"m_AlwaysRefresh":false,"showFog":true,"showSkybox":false,"showFlares":true,"showImageEffects":true,"showParticleSystems":true,"showVisualEffectGraphs":true,"m_FxEnabled":true},"in2DMode":false,"pivot":{"x":-6.3899993896484379,"y":-6.310000419616699,"z":4.979999542236328},"rotation":{"x":0.19201438128948213,"y":-0.28249263763427737,"z":0.057822637259960178,"w":0.9380868077278137},"size":7.071067810058594,"orthographic":true}